Workbook

Sheet Mapa de procesos
A1: Mapa de procesos · Gerencia de Asuntos Públicos · Bolsa de Valores Guayaquil
A2: Etiquetas: Agente (lo hace una IA sola) · Agente + aprobación (lo prepara la IA y la Gerencia da el visto bueno) · Humano (solo la Gerencia). Puedes cambiar la etiqueta con la lista desplegable de la columna E; el resumen se actualiza solo.
A4: N.º | B4: Etapa | C4: Responsabilidad (brief) | D4: Tarea | E4: Etiqueta | F4: Por qué esta etiqueta
A5: 1 | B5: 1. Planificación y dirección estratégica | C5: A. Dirección estratégica | D5: Definir prioridades y objetivos anuales del área con Gerencia General | E5: Humano | F5: Decisión estratégica que depende de la relación con Gerencia General y del criterio de la Gerencia.
A6: 2 | B6: 1. Planificación y dirección estratégica | C6: A. Dirección estratégica | D6: Redactar el borrador del plan anual de gestión a partir de los objetivos definidos | E6: Agente + aprobación | F6: La IA estructura el plan; la Gerencia valida metas, presupuesto y prioridades.
A7: 3 | B7: 1. Planificación y dirección estratégica | C7: A. Dirección estratégica | D7: Definir mensajes clave, ejes narrativos y posicionamiento (Faro, Ecuador al Mundo) | E7: Humano | F7: Es la voz institucional; requiere criterio y alineación con Gerencia General.
A8: 4 | B8: 1. Planificación y dirección estratégica | C8: A. Dirección estratégica | D8: Proponer variantes de mensajes clave y líneas narrativas para evaluar | E8: Agente + aprobación | F8: La IA propone opciones; la Gerencia elige y ajusta.
A9: 5 | B9: 1. Planificación y dirección estratégica | C9: A. Dirección estratégica | D9: Armar el plan y calendario editorial mensual | E9: Agente + aprobación | F9: La IA arma el calendario según hitos y eventos; la Gerencia aprueba.
A10: 6 | B10: 1. Planificación y dirección estratégica | C10: A. Dirección estratégica | D10: Priorizar y clasificar solicitudes internas según área de gestión | E10: Agente + aprobación | F10: La IA ubica cada solicitud en su área y sugiere prioridad; la Gerencia confirma.
A11: 7 | B11: 1. Planificación y dirección estratégica | C11: A. Dirección estratégica | D11: Aprobar presupuesto y contratar proveedores | E11: Humano | F11: Decisión administrativa y de responsabilidad gerencial.
A12: 8 | B12: 2. Inteligencia de mercado y análisis | C12: A. Dirección estratégica / Inteligencia | D12: Descargar, limpiar y consolidar bases de datos del mercado de valores | E12: Agente | F12: Tarea repetitiva y automatizable; debe dejar trazabilidad de la fuente.
A13: 9 | B13: 2. Inteligencia de mercado y análisis | C13: A. Dirección estratégica / Inteligencia | D13: Calcular montos negociados, variaciones, participaciones y rankings | E13: Agente | F13: Cálculo recurrente; se verifica antes de publicar (etapa 3).
A14: 10 | B14: 2. Inteligencia de mercado y análisis | C14: A. Dirección estratégica / Inteligencia | D14: Actualizar series históricas y tablero de inteligencia de mercado | E14: Agente | F14: Automatizable con controles de calidad.
A15: 11 | B15: 2. Inteligencia de mercado y análisis | C15: A. Dirección estratégica / Inteligencia | D15: Monitorear indicadores macroeconómicos y noticias de coyuntura | E15: Agente | F15: Seguimiento periódico de fuentes oficiales y medios.
A16: 12 | B16: 2. Inteligencia de mercado y análisis | C16: A. Dirección estratégica / Inteligencia | D16: Generar alertas ante variaciones relevantes o comportamientos atípicos | E16: Agente | F16: Detección preliminar; la interpretación pasa a la Gerencia.
... A74: 70 | B74: 9. Medición y rendición de cuentas | C74: E. Gestión gerencial y evaluación | D74: Proponer mejoras y nuevas acciones estratégicas | E74: Agente + aprobación | F74: La IA sugiere a partir de los datos; la Gerencia decide.

Sheet Resumen
A1: Resumen por etapa y etiqueta
A3: Etapa | B3: Agente | C3: Agente + aprobación | D3: Humano | E3: Total | F3: % delegable a IA
A4: 1. Planificación y dirección estratégica | B4: =COUNTIFS('Mapa de procesos'!$B$5:$B$74,$A4,'Mapa de procesos'!$E$5:$E$74,B$3) -> 0 | C4: =COUNTIFS('Mapa de procesos'!$B$5:$B$74,$A4,'Mapa de procesos'!$E$5:$E$74,C$3) -> 4 | D4: =COUNTIFS('Mapa de procesos'!$B$5:$B$74,$A4,'Mapa de procesos'!$E$5:$E$74,D$3) -> 3 | E4: =SUM(B4:D4) -> 7 | F4: =IF(E4=0,0,(B4+C4)/E4) -> 0.57142857
A5: 2. Inteligencia de mercado y análisis | B5: =COUNTIFS('Mapa de procesos'!$B$5:$B$74,$A5,'Mapa de procesos'!$E$5:$E$74,B$3) -> 5 | C5: =COUNTIFS('Mapa de procesos'!$B$5:$B$74,$A5,'Mapa de procesos'!$E$5:$E$74,C$3) -> 2 | D5: =COUNTIFS('Mapa de procesos'!$B$5:$B$74,$A5,'Mapa de procesos'!$E$5:$E$74,D$3) -> 2 | E5: =SUM(B5:D5) -> 9 | F5: =IF(E5=0,0,(B5+C5)/E5) -> 0.77777778
A6: 3. Creación de contenidos y mensajes | B6: =COUNTIFS('Mapa de procesos'!$B$5:$B$74,$A6,'Mapa de procesos'!$E$5:$E$74,B$3) -> 2 | C6: =COUNTIFS('Mapa de procesos'!$B$5:$B$74,$A6,'Mapa de procesos'!$E$5:$E$74,C$3) -> 7 | D6: =COUNTIFS('Mapa de procesos'!$B$5:$B$74,$A6,'Mapa de procesos'!$E$5:$E$74,D$3) -> 1 | E6: =SUM(B6:D6) -> 10 | F6: =IF(E6=0,0,(B6+C6)/E6) -> 0.9
A7: 4. Marca, identidad y proyectos especiales | B7: =COUNTIFS('Mapa de procesos'!$B$5:$B$74,$A7,'Mapa de procesos'!$E$5:$E$74,B$3) -> 1 | C7: =COUNTIFS('Mapa de procesos'!$B$5:$B$74,$A7,'Mapa de procesos'!$E$5:$E$74,C$3) -> 4 | D7: =COUNTIFS('Mapa de procesos'!$B$5:$B$74,$A7,'Mapa de procesos'!$E$5:$E$74,D$3) -> 2 | E7: =SUM(B7:D7) -> 7 | F7: =IF(E7=0,0,(B7+C7)/E7) -> 0.71428571
A8: 5. Relacionamiento con stakeholders | B8: =COUNTIFS('Mapa de procesos'!$B$5:$B$74,$A8,'Mapa de procesos'!$E$5:$E$74,B$3) -> 2 | C8: =COUNTIFS('Mapa de procesos'!$B$5:$B$74,$A8,'Mapa de procesos'!$E$5:$E$74,C$3) -> 4 | D8: =COUNTIFS('Mapa de procesos'!$B$5:$B$74,$A8,'Mapa de procesos'!$E$5:$E$74,D$3) -> 3 | E8: =SUM(B8:D8) -> 9 | F8: =IF(E8=0,0,(B8+C8)/E8) -> 0.66666667
A9: 6. Eventos y protocolo | B9: =COUNTIFS('Mapa de procesos'!$B$5:$B$74,$A9,'Mapa de procesos'!$E$5:$E$74,B$3) -> 1 | C9: =COUNTIFS('Mapa de procesos'!$B$5:$B$74,$A9,'Mapa de procesos'!$E$5:$E$74,C$3) -> 4 | D9: =COUNTIFS('Mapa de procesos'!$B$5:$B$74,$A9,'Mapa de procesos'!$E$5:$E$74,D$3) -> 3 | E9: =SUM(B9:D9) -> 8 | F9: =IF(E9=0,0,(B9+C9)/E9) -> 0.625
A10: 7. Cultura bursátil y vinculación académica | B10: =COUNTIFS('Mapa de procesos'!$B$5:$B$74,$A10,'Mapa de procesos'!$E$5:$E$74,B$3) -> 1 | C10: =COUNTIFS('Mapa de procesos'!$B$5:$B$74,$A10,'Mapa de procesos'!$E$5:$E$74,C$3) -> 4 | D10: =COUNTIFS('Mapa de procesos'!$B$5:$B$74,$A10,'Mapa de procesos'!$E$5:$E$74,D$3) -> 1 | E10: =SUM(B10:D10) -> 6 | F10: =IF(E10=0,0,(B10+C10)/E10) -> 0.83333333
A11: 8. Difusión y activación | B11: =COUNTIFS('Mapa de procesos'!$B$5:$B$74,$A11,'Mapa de procesos'!$E$5:$E$74,B$3) -> 3 | C11: =COUNTIFS('Mapa de procesos'!$B$5:$B$74,$A11,'Mapa de procesos'!$E$5:$E$74,C$3) -> 2 | D11: =COUNTIFS('Mapa de procesos'!$B$5:$B$74,$A11,'Mapa de procesos'!$E$5:$E$74,D$3) -> 1 | E11: =SUM(B11:D11) -> 6 | F11: =IF(E11=0,0,(B11+C11)/E11) -> 0.83333333
A12: 9. Medición y rendición de cuentas | B12: =COUNTIFS('Mapa de procesos'!$B$5:$B$74,$A12,'Mapa de procesos'!$E$5:$E$74,B$3) -> 3 | C12: =COUNTIFS('Mapa de procesos'!$B$5:$B$74,$A12,'Mapa de procesos'!$E$5:$E$74,C$3) -> 4 | D12: =COUNTIFS('Mapa de procesos'!$B$5:$B$74,$A12,'Mapa de procesos'!$E$5:$E$74,D$3) -> 1 | E12: =SUM(B12:D12) -> 8 | F12: =IF(E12=0,0,(B12+C12)/E12) -> 0.875
A13: Total | B13: =SUM(B4:B12) -> 18 | C13: =SUM(C4:C12) -> 35 | D13: =SUM(D4:D12) -> 17 | E13: =SUM(E4:E12) -> 70 | F13: =IF(E13=0,0,(B13+C13)/E13) -> 0.75714286
A14: Participación | B14: =IF($E$13=0,0,B13/$E$13) -> 0.25714286 | C14: =IF($E$13=0,0,C13/$E$13) -> 0.5 | D14: =IF($E$13=0,0,D13/$E$13) -> 0.24285714
A16: "% delegable a IA" = tareas Agente + tareas Agente + aprobación, sobre el total de la etapa. Las cifras se calculan con fórmulas a partir de la hoja "Mapa de procesos".

Sheet Criterios
A1: Cómo se asignaron las etiquetas
A3: Agente | B3: Tareas internas, repetitivas o de datos que no salen al público con la voz de la BVG: recopilar, calcular, ordenar, monitorear, programar lo ya aprobado.
A4: Agente + aprobación | B4: Todo lo que la IA puede redactar, proponer o analizar, pero que sale con el nombre de la BVG, compromete cifras o requiere criterio de la Gerencia antes de usarse.
A5: Humano | B5: Decisiones estratégicas, posturas institucionales, relaciones de confianza, presencia física, temas sensibles o de crisis y rendición de cuentas.
A6: Regla de oro | B6: Ninguna cifra se publica sin validación de las áreas técnicas responsables, y ningún texto sale al público sin el visto bueno de la Gerencia.
